baseline,comparison,dataset_average_difference,dataset_average_z,dataset_average_p_value,dataset_large_sample,fold_average_difference,fold_matched_t,fold_matched_df,fold_matched_p_value
NBC,Bagging NBC (10),0.0010123853724844922,0.04858180689392666,0.9612525688385457,True,0.0011340585328023806,0.08877125484070346,5.0,0.9327096962113993
NBC,Bagging NBC (20),0.008274070642943424,0.3990519023948567,0.689854961181181,True,0.008198987718933404,0.9477870688216167,6.0,0.3798306029006031
NBC,Bagging NBC (30),0.014990508887132936,0.7252824855711087,0.4682787482723564,True,0.01506907178338176,1.1336438929280885,6.0,0.3001990437574017
Bagging NBC (10),Bagging NBC (20),0.0072616852704589325,0.3496278601004951,0.726617999641302,True,0.007064929186131022,0.5260961951370591,4.0,0.6266407337615303
Bagging NBC (10),Bagging NBC (30),0.013978123514648444,0.6751393397259877,0.49958724178995095,True,0.013935013250579378,1.5987132202239933,5.0,0.17077808922426643
Bagging NBC (20),Bagging NBC (30),0.006716438244189511,0.3260577780023762,0.7443806410879857,True,0.0068700840644483575,0.469409881041338,7.0,0.6530467842202764
